account_id,customer_id,account_type,account_status,open_date,balance,credit_limit,interest_rate,branch_id,currency
A00000001,C000360,Investment,Active,2024-01-12,25873.64,,0.127,B031,EUR
A00000002,C000068,Investment,Active,2021-08-24,49930.49,4638.66,0.0718,B011,GBP
A00000003,C000497,Checking,Active,2023-06-17,42442.31,,0.076,B007,USD
A00000004,C000244,Savings,Active,2025-05-30,48707.5,,0.2293,B003,USD
A00000005,C000468,Checking,Active,2023-08-13,16622.41,,0.0218,B044,USD
A00000006,C000220,Savings,Active,2023-04-26,29383.8,,0.1437,B041,USD
A00000007,C000251,Investment,Active,2021-12-21,47758.18,24813.58,0.1374,B034,USD
A00000008,C000328,Investment,Active,2025-05-27,33801.68,,0.1985,B012,GBP
A00000009,C000484,Savings,Active,2022-03-20,3468.07,,0.202,B050,EUR
A00000010,C000451,Checking,Active,2025-05-12,27395.43,,0.1318,B046,USD
A00000011,C000265,Checking,Active,2024-02-06,45508.18,,0.1544,B018,USD
A00000012,C000062,Investment,Active,2021-11-23,35249.78,4237.67,0.1642,B027,USD
A00000013,C000103,Credit,Active,2021-10-18,40348.59,7811.01,0.1725,B046,USD
A00000014,C000306,Investment,Active,2021-10-08,-358.35,23214.23,0.1456,B014,USD
A00000015,C000076,Credit,Active,2025-05-03,41225.71,,0.2107,B003,EUR
A00000016,C000314,Checking,Active,2024-12-26,48255.26,,0.0368,B013,USD
A00000017,C000151,Savings,Active,2021-07-02,25304.32,,0.1295,B011,USD
A00000018,C000246,Savings,Active,2024-06-05,36573.71,,0.0385,B009,USD
A00000019,C000464,Savings,Active,2021-12-22,30590.58,,0.1511,B039,GBP
A00000020,C000026,Savings,Active,2021-11-25,4685.82,,0.2107,B043,USD
A00000021,C000392,Savings,Frozen,2024-11-03,13834.83,,0.0524,B003,USD
A00000022,C000293,Checking,Active,2021-07-31,40621.99,,0.0305,B050,USD
A00000023,C000253,Credit,Active,2022-09-15,19690.19,,0.0235,B007,EUR
A00000024,C000025,Checking,Active,2022-03-30,14134.68,4454.25,0.115,B004,USD
A00000025,C000444,Savings,Active,2021-01-02,18837.1,,0.1231,B006,USD
A00000026,C000018,Checking,Active,2025-03-06,42873.84,,0.0937,B020,USD
A00000027,C000399,Investment,Frozen,2022-03-11,11075.53,20151.1,0.2432,B006,EUR
A00000028,C000280,Credit,Active,2024-01-16,17671.21,10321.75,0.2166,B012,USD
A00000029,C000304,Checking,Active,2023-03-06,8792.02,21478.56,0.2433,B022,EUR
A00000030,C000048,Savings,Active,2023-07-13,25586.03,21891.8,0.2392,B047,USD
A00000031,C000079,Investment,Active,2022-07-28,21473.73,,0.1021,B030,USD
A00000032,C000286,Savings,Active,2024-01-05,7163.52,,0.1482,B021,USD
A00000033,C000456,Investment,Active,2023-12-04,40659.34,,0.0769,B025,USD
A00000034,C000040,Investment,Active,2020-10-28,14141.63,,0.1528,B004,USD
A00000035,C000174,Savings,Active,2022-01-29,37141.57,,0.0777,B014,USD
A00000036,C000131,Investment,Active,2023-11-27,43213.08,,0.0402,B027,GBP
A00000037,C000247,Investment,Active,2023-07-23,14510.73,,0.0128,B023,GBP
A00000038,C000172,Savings,Active,2024-05-24,14006.52,,0.1761,B024,USD
A00000039,C000219,Credit,Frozen,2021-03-17,6513.32,11797.48,0.0226,B018,USD
A00000040,C000043,Investment,Active,2020-11-25,31987.27,19017.57,0.1328,B032,GBP
A00000041,C000114,Checking,Active,2020-11-05,1365.76,,0.213,B016,EUR
A00000042,C000290,Credit,Active,2021-06-29,3688.15,,0.1634,B044,USD
A00000043,C000416,Savings,Active,2025-03-14,3762.8,18791.91,0.0613,B041,USD
A00000044,C000500,Checking,Active,2024-08-08,20210.52,,0.1375,B033,USD
A00000045,C000270,Credit,Inactive,2024-01-05,49287.86,,0.2379,B028,USD
A00000046,C000135,Investment,Active,2021-03-07,30259.4,,0.1953,B046,USD
A00000047,C000069,Credit,Active,2024-01-22,46020.75,,0.1655,B004,EUR
A00000048,C000435,Credit,Active,2024-11-28,26040.05,,0.0884,B033,USD
A00000049,C000254,Credit,Active,2020-09-01,34331.89,,0.1354,B042,EUR
A00000050,C000465,Investment,Inactive,2020-08-10,37911.05,19224.92,0.0357,B034,USD
A00000051,C000440,Investment,Frozen,2025-01-10,25644.36,,0.2227,B017,USD
A00000052,C000056,Savings,Active,2022-07-20,42673.35,,0.1091,B005,USD
A00000053,C000329,Savings,Active,2025-03-10,7725.0,,0.0353,B001,EUR
A00000054,C000373,Credit,Inactive,2022-04-01,31672.12,2769.74,0.1939,B032,USD
A00000055,C000029,Credit,Active,2023-04-06,8237.74,,0.069,B005,USD
A00000056,C000324,Checking,Active,2023-12-05,14899.96,,0.1997,B007,USD
A00000057,C000247,Savings,Active,2021-03-17,41394.66,,0.027,B004,USD
A00000058,C000253,Credit,Active,2024-12-28,-275.35,,0.1828,B010,EUR
A00000059,C000396,Credit,Active,2023-05-22,47974.38,,0.2098,B003,EUR
A00000060,C000487,Investment,Active,2022-11-01,22455.15,,0.1089,B030,USD
A00000061,C000283,Investment,Active,2020-11-04,34599.89,,0.2431,B007,GBP
A00000062,C000411,Savings,Active,2021-05-21,30090.49,,0.1093,B004,USD
A00000063,C000009,Investment,Active,2024-02-16,45517.26,,0.123,B004,USD
A00000064,C000353,Investment,Active,2024-09-24,25195.34,16113.27,0.1754,B026,USD
A00000065,C000444,Checking,Active,2022-11-08,18274.3,22849.79,0.1987,B030,USD
A00000066,C000256,Checking,Active,2025-01-15,4112.02,,0.1901,B009,EUR
A00000067,C000087,Investment,Active,2022-06-16,10127.05,,0.1574,B021,USD
A00000068,C000382,Checking,Active,2020-10-29,48290.81,22947.07,0.1411,B005,EUR
A00000069,C000290,Savings,Active,2021-01-25,36040.33,19789.57,0.2298,B028,USD
A00000070,C000462,Investment,Active,2021-09-19,1022.97,,0.0776,B020,USD
A00000071,C000406,Investment,Active,2022-07-14,8153.13,4643.41,0.0369,B025,USD
A00000072,C000070,Credit,Active,2025-01-04,18693.44,,0.045,B005,EUR
A00000073,C000249,Checking,Inactive,2021-05-18,6952.62,,0.2149,B039,USD
A00000074,C000168,Checking,Frozen,2024-02-04,35011.57,,0.0476,B046,USD
A00000075,C000266,Savings,Inactive,2022-06-24,41525.37,13596.99,0.0895,B030,GBP
A00000076,C000317,Credit,Active,2020-10-10,43886.87,24241.38,0.1662,B009,USD
A00000077,C000126,Credit,Active,2023-01-05,4883.8,,0.0869,B033,USD
A00000078,C000483,Checking,Active,2024-06-16,48046.25,4709.72,0.1061,B045,USD
A00000079,C000411,Savings,Active,2022-08-04,4399.2,,0.1179,B047,EUR
A00000080,C000237,Credit,Active,2025-05-21,44105.24,18893.45,0.1431,B032,GBP
A00000081,C000315,Checking,Active,2021-10-26,41537.76,11377.57,0.0175,B038,GBP
A00000082,C000214,Investment,Inactive,2021-09-10,37639.82,,0.1462,B003,USD
A00000083,C000486,Investment,Inactive,2024-03-03,14906.22,,0.0268,B041,USD
A00000084,C000406,Investment,Active,2025-02-16,20166.4,,0.1529,B017,GBP
A00000085,C000497,Credit,Active,2022-10-18,42283.9,,0.2282,B023,USD
A00000086,C000368,Checking,Active,2024-03-23,40576.36,,0.0367,B013,USD
A00000087,C000239,Savings,Active,2024-07-26,7900.17,,0.1214,B014,USD
A00000088,C000401,Savings,Active,2022-02-03,38143.03,,0.0869,B049,EUR
A00000089,C000324,Credit,Active,2025-08-01,42923.43,,0.1949,B019,GBP
A00000090,C000353,Credit,Active,2022-09-21,13031.99,22413.57,0.0172,B002,USD
A00000091,C000052,Credit,Active,2022-10-17,20201.56,,0.2242,B037,USD
A00000092,C000461,Savings,Active,2022-01-03,27209.72,,0.0616,B016,USD
A00000093,C000490,Credit,Active,2025-06-09,10136.52,,0.1335,B011,GBP
A00000094,C000397,Investment,Active,2025-04-17,38288.62,,0.0828,B041,USD
A00000095,C000003,Savings,Active,2021-04-29,30352.11,5844.03,0.2043,B030,USD
A00000096,C000038,Checking,Inactive,2022-02-13,33271.52,,0.0119,B020,EUR
A00000097,C000059,Checking,Active,2020-08-08,38373.73,10130.77,0.0469,B005,USD
A00000098,C000313,Credit,Active,2024-07-16,2738.83,,0.121,B047,GBP
A00000099,C000173,Checking,Active,2024-05-02,2274.47,15403.42,0.2213,B024,USD
A00000100,C000455,Investment,Active,2021-02-20,29880.65,,0.0429,B024,USD
A00000101,C000336,Checking,Active,2022-11-02,31867.59,,0.0808,B001,USD
A00000102,C000236,Investment,Active,2021-10-07,37250.76,,0.0906,B037,USD
A00000103,C000229,Investment,Active,2022-02-01,27234.05,,0.1363,B025,EUR
A00000104,C000479,Savings,Inactive,2022-11-20,40302.47,,0.0643,B042,USD
A00000105,C000159,Savings,Active,2023-06-12,2131.66,,0.2163,B033,EUR
A00000106,C000451,Investment,Frozen,2022-06-15,13092.38,24442.4,0.0546,B047,EUR
A00000107,C000069,Savings,Active,2021-09-27,18196.21,,0.0717,B025,EUR
A00000108,C000145,Savings,Active,2020-12-09,9290.69,,0.1315,B048,USD
A00000109,C000255,Credit,Active,2022-08-02,5852.57,,0.1528,B021,GBP
A00000110,C000447,Checking,Active,2025-06-29,13503.69,,0.0691,B038,USD
A00000111,C000450,Credit,Active,2021-09-04,24923.28,,0.2023,B011,USD
A00000112,C000171,Investment,Inactive,2023-12-31,27348.49,,0.0528,B019,USD
A00000113,C000355,Credit,Active,2021-11-25,32212.67,3930.86,0.0123,B020,USD
A00000114,C000313,Investment,Active,2025-07-28,37814.45,,0.1169,B021,EUR
A00000115,C000191,Savings,Active,2023-07-07,41647.09,9313.46,0.1788,B035,USD
A00000116,C000478,Savings,Frozen,2022-07-29,20986.94,19839.0,0.0669,B022,EUR
A00000117,C000475,Checking,Active,2024-10-25,33255.36,,0.167,B048,USD
A00000118,C000101,Credit,Inactive,2024-12-03,8348.4,,0.1061,B014,USD
A00000119,C000422,Investment,Active,2020-08-18,10128.0,9611.13,0.0847,B034,EUR
A00000120,C000251,Checking,Active,2025-07-07,49990.47,,0.0381,B029,USD
A00000121,C000252,Savings,Active,2022-03-27,17606.81,4409.66,0.0806,B037,USD
A00000122,C000064,Credit,Active,2024-03-31,20865.75,,0.0629,B032,EUR
A00000123,C000244,Checking,Active,2020-12-31,2490.38,,0.1742,B039,USD
A00000124,C000459,Checking,Inactive,2024-03-26,45613.11,,0.0769,B050,EUR
A00000125,C000090,Credit,Active,2022-04-03,35800.81,,0.1566,B018,USD
A00000126,C000399,Savings,Inactive,2022-05-04,20953.51,,0.01,B039,USD
A00000127,C000478,Investment,Active,2022-12-03,32721.88,,0.144,B010,USD
A00000128,C000242,Investment,Active,2020-08-17,15039.04,,0.1155,B009,USD
A00000129,C000303,Investment,Inactive,2022-11-16,37180.16,,0.2085,B025,USD
A00000130,C000054,Savings,Frozen,2023-06-16,26872.66,,0.1872,B034,USD
A00000131,C000441,Credit,Active,2023-03-23,20438.95,,0.0668,B007,EUR
A00000132,C000043,Checking,Active,2021-03-09,37595.97,,0.0863,B002,USD
A00000133,C000384,Savings,Active,2023-09-17,1105.68,,0.1675,B001,EUR
A00000134,C000385,Investment,Active,2024-11-20,10775.67,,0.0394,B021,EUR
A00000135,C000075,Checking,Active,2024-01-27,17059.34,17686.05,0.0248,B029,EUR
A00000136,C000124,Investment,Active,2022-03-04,33178.12,,0.1736,B018,USD
A00000137,C000446,Savings,Active,2023-11-26,22674.49,9086.21,0.1721,B029,EUR
A00000138,C000241,Credit,Active,2024-07-10,44320.72,,0.2072,B048,EUR
A00000139,C000178,Checking,Active,2021-02-17,3951.67,19186.44,0.2226,B015,EUR
A00000140,C000488,Savings,Active,2021-03-27,9039.5,,0.1863,B030,USD
A00000141,C000417,Investment,Active,2022-12-18,1844.5,,0.0548,B022,USD
A00000142,C000369,Investment,Active,2024-02-21,1275.16,,0.1638,B023,USD
A00000143,C000480,Credit,Active,2024-09-14,20753.4,,0.111,B040,USD
A00000144,C000178,Savings,Active,2025-01-01,37925.44,7507.44,0.0358,B046,USD
A00000145,C000093,Credit,Active,2021-08-08,37380.48,14651.31,0.1349,B033,EUR
A00000146,C000163,Investment,Active,2025-05-19,-727.37,16842.1,0.0473,B033,USD
A00000147,C000199,Savings,Active,2025-06-03,27121.41,,0.1806,B038,USD
A00000148,C000075,Investment,Active,2022-10-07,3849.59,,0.2036,B036,EUR
A00000149,C000055,Investment,Inactive,2021-04-10,5557.35,,0.0107,B034,GBP
A00000150,C000239,Credit,Active,2024-03-09,36967.84,1767.65,0.1348,B046,USD
A00000151,C000432,Credit,Active,2020-09-12,5433.17,15330.44,0.0308,B009,USD
A00000152,C000315,Savings,Active,2025-02-13,4475.06,,0.2101,B028,USD
A00000153,C000384,Checking,Active,2021-02-09,23950.98,3002.71,0.1574,B030,GBP
A00000154,C000292,Savings,Active,2021-09-03,15633.96,,0.2003,B032,USD
A00000155,C000219,Savings,Active,2025-02-26,16576.17,,0.2386,B028,USD
A00000156,C000033,Checking,Inactive,2024-06-14,43785.5,,0.1908,B028,USD
A00000157,C000173,Checking,Active,2022-04-27,29403.07,,0.1225,B050,USD
A00000158,C000274,Savings,Active,2021-04-02,26285.22,,0.2469,B013,USD
A00000159,C000120,Credit,Active,2024-05-22,9285.96,,0.1813,B020,GBP
A00000160,C000213,Investment,Active,2023-05-15,14377.64,,0.1127,B021,USD
A00000161,C000130,Savings,Active,2022-03-02,42214.58,,0.1272,B040,GBP
A00000162,C000338,Savings,Active,2023-11-20,5481.88,,0.0882,B035,GBP
A00000163,C000491,Investment,Active,2021-07-26,1039.28,,0.0239,B050,USD
A00000164,C000034,Savings,Active,2025-02-12,32932.22,,0.1409,B043,USD
A00000165,C000355,Investment,Active,2021-06-09,45907.54,,0.0626,B032,EUR
A00000166,C000151,Investment,Inactive,2024-07-12,2988.84,,0.0497,B048,USD
A00000167,C000411,Savings,Active,2022-07-09,41392.64,9847.46,0.1201,B009,USD
A00000168,C000372,Investment,Active,2023-07-16,18504.61,,0.0477,B046,EUR
A00000169,C000449,Investment,Active,2024-05-28,31220.43,,0.2241,B015,USD
A00000170,C000193,Investment,Inactive,2021-02-01,23836.64,21325.5,0.018,B048,EUR
A00000171,C000351,Credit,Active,2022-08-27,22925.13,19529.54,0.0369,B012,GBP
A00000172,C000029,Checking,Active,2021-01-06,45772.82,15934.48,0.0689,B048,EUR
A00000173,C000094,Investment,Active,2021-12-11,4781.03,,0.0575,B047,GBP
A00000174,C000418,Checking,Active,2024-04-19,32879.91,,0.1047,B028,EUR
A00000175,C000050,Credit,Active,2023-05-04,39324.74,,0.2274,B040,USD
A00000176,C000282,Credit,Active,2021-06-21,24529.09,,0.128,B047,EUR
A00000177,C000239,Investment,Active,2023-11-18,13905.92,,0.1199,B039,EUR
A00000178,C000214,Checking,Active,2022-08-25,30218.9,,0.1513,B012,EUR
A00000179,C000327,Credit,Active,2023-02-25,26484.37,,0.2154,B050,EUR
A00000180,C000105,Savings,Active,2020-09-24,33201.1,,0.1042,B028,USD
A00000181,C000339,Credit,Active,2022-10-27,64.63,10246.39,0.2045,B004,USD
A00000182,C000026,Credit,Inactive,2024-06-17,12337.88,19117.75,0.0194,B029,GBP
A00000183,C000192,Checking,Frozen,2020-11-27,10370.72,,0.2114,B019,USD
A00000184,C000244,Investment,Active,2022-07-03,35311.88,,0.1467,B045,USD
A00000185,C000016,Credit,Active,2025-03-03,47036.25,,0.0495,B046,USD
A00000186,C000028,Credit,Active,2023-11-07,9506.4,,0.1403,B026,USD
A00000187,C000356,Investment,Active,2024-04-09,18214.25,16280.28,0.2158,B022,USD
A00000188,C000165,Investment,Active,2025-04-01,49643.24,,0.2469,B008,USD
A00000189,C000102,Savings,Active,2024-12-01,14512.65,,0.1638,B038,EUR
A00000190,C000186,Savings,Frozen,2025-02-24,2385.73,,0.2289,B003,USD
A00000191,C000170,Checking,Active,2025-07-17,48591.25,5208.88,0.035,B044,USD
A00000192,C000111,Investment,Active,2024-11-19,8349.54,12782.11,0.0696,B005,USD
A00000193,C000419,Savings,Active,2021-07-29,13910.12,,0.0397,B033,USD
A00000194,C000247,Investment,Active,2023-12-03,2817.71,,0.2218,B039,EUR
A00000195,C000338,Credit,Active,2025-05-28,48052.83,,0.0526,B003,EUR
A00000196,C000254,Savings,Active,2022-07-13,12645.89,,0.0294,B022,EUR
A00000197,C000463,Investment,Active,2022-12-09,49212.68,,0.1277,B037,USD
A00000198,C000042,Savings,Active,2023-11-06,34058.81,,0.1844,B018,USD
A00000199,C000419,Checking,Active,2024-06-02,20407.04,,0.162,B006,USD
A00000200,C000201,Savings,Active,2024-05-04,13093.95,,0.2474,B021,GBP
A00000201,C000273,Investment,Active,2022-10-13,21229.63,,0.2315,B014,USD
A00000202,C000191,Investment,Active,2023-08-25,33480.79,,0.0395,B005,USD
A00000203,C000293,Savings,Inactive,2021-04-27,32442.32,,0.0307,B025,EUR
A00000204,C000245,Checking,Active,2022-12-18,37357.54,,0.0127,B009,USD
A00000205,C000225,Investment,Active,2021-04-04,36564.55,,0.0539,B033,GBP
A00000206,C000149,Savings,Active,2020-11-09,48437.02,14082.37,0.1302,B049,USD
A00000207,C000401,Credit,Active,2021-05-06,47525.0,,0.0838,B039,USD
A00000208,C000391,Investment,Active,2022-09-01,36361.78,,0.1543,B033,USD
A00000209,C000140,Savings,Active,2020-12-06,-606.85,,0.0439,B025,USD
A00000210,C000477,Investment,Active,2022-12-09,307.32,,0.1229,B024,GBP
A00000211,C000378,Investment,Active,2023-11-25,39092.64,12618.68,0.1765,B025,EUR
A00000212,C000110,Checking,Active,2021-10-16,12293.71,,0.0791,B002,GBP
A00000213,C000058,Savings,Active,2021-09-20,7838.52,,0.099,B017,USD
A00000214,C000084,Investment,Active,2025-06-04,37375.69,,0.0996,B049,USD
A00000215,C000144,Credit,Active,2024-11-10,36694.76,,0.0658,B019,EUR
A00000216,C000078,Investment,Active,2025-02-15,6419.92,,0.1279,B028,USD
A00000217,C000285,Savings,Active,2022-03-29,48305.87,24083.17,0.0246,B010,USD
A00000218,C000270,Investment,Active,2022-09-12,31077.03,,0.0674,B039,EUR
A00000219,C000314,Investment,Active,2022-12-12,32559.91,,0.1993,B015,EUR
A00000220,C000314,Savings,Active,2022-07-03,8980.27,11706.59,0.1131,B033,USD
A00000221,C000369,Investment,Active,2020-10-25,39337.1,13305.41,0.2403,B014,USD
A00000222,C000369,Investment,Frozen,2023-03-31,4227.31,,0.0937,B048,USD
A00000223,C000171,Checking,Active,2024-02-27,41224.97,,0.1806,B040,USD
A00000224,C000279,Investment,Active,2023-12-18,31221.95,14914.34,0.1355,B025,GBP
A00000225,C000131,Investment,Active,2020-10-09,9045.49,7943.57,0.1526,B050,USD
A00000226,C000180,Checking,Active,2022-08-01,22648.61,,0.047,B043,USD
A00000227,C000095,Checking,Inactive,2022-09-26,21925.69,,0.1878,B029,EUR
A00000228,C000276,Investment,Frozen,2023-09-20,33205.12,15442.09,0.0281,B005,GBP
A00000229,C000024,Credit,Active,2023-03-20,21330.23,,0.1303,B037,EUR
A00000230,C000117,Savings,Active,2022-10-20,9992.16,,0.0203,B028,USD
A00000231,C000132,Savings,Active,2023-11-12,1821.95,4634.22,0.2461,B045,USD
A00000232,C000097,Investment,Active,2024-08-22,25935.73,15535.65,0.1574,B027,EUR
A00000233,C000042,Savings,Active,2020-11-23,14358.43,,0.2367,B031,USD
A00000234,C000240,Investment,Active,2022-01-01,29570.33,,0.1937,B026,USD
A00000235,C000268,Credit,Active,2021-12-16,22718.81,,0.1725,B020,EUR
A00000236,C000261,Credit,Active,2022-11-26,43526.91,14894.62,0.2048,B033,USD
A00000237,C000461,Savings,Active,2024-11-17,48771.97,,0.2204,B021,USD
A00000238,C000477,Credit,Active,2021-12-30,12631.45,13077.29,0.1221,B015,USD
A00000239,C000311,Investment,Active,2025-04-26,10509.69,20076.4,0.0664,B025,EUR
A00000240,C000317,Investment,Active,2024-08-28,2136.43,,0.2303,B039,USD
A00000241,C000234,Savings,Active,2023-08-30,6210.67,,0.2189,B025,EUR
A00000242,C000044,Credit,Inactive,2021-09-03,11084.08,4546.23,0.0127,B030,EUR
A00000243,C000380,Checking,Inactive,2025-02-07,23288.95,,0.2195,B040,USD
A00000244,C000458,Investment,Active,2023-06-24,11405.1,,0.0193,B021,USD
A00000245,C000184,Savings,Inactive,2022-12-01,18244.3,,0.0123,B028,USD
A00000246,C000447,Checking,Active,2022-05-21,47785.35,9208.98,0.0115,B002,USD
A00000247,C000440,Checking,Frozen,2024-06-07,17663.35,,0.0931,B037,USD
A00000248,C000300,Savings,Inactive,2025-06-30,43198.13,9542.13,0.1147,B012,USD
A00000249,C000066,Checking,Active,2021-02-11,48601.52,,0.0842,B050,USD
A00000250,C000319,Credit,Active,2021-09-16,45406.78,,0.1539,B014,GBP
A00000251,C000123,Checking,Active,2021-02-17,28773.75,,0.02,B001,USD
A00000252,C000338,Investment,Active,2022-12-11,35127.33,11353.17,0.2061,B027,GBP
A00000253,C000334,Checking,Active,2022-06-09,25463.68,,0.0198,B033,USD
A00000254,C000033,Investment,Active,2022-05-03,49056.61,,0.1487,B039,USD
A00000255,C000272,Savings,Active,2023-12-07,15012.47,,0.2234,B034,USD
A00000256,C000388,Investment,Active,2022-09-15,28390.59,,0.0118,B042,USD
A00000257,C000147,Checking,Active,2025-02-07,2810.6,,0.0869,B004,USD
A00000258,C000098,Checking,Active,2025-06-09,6638.25,,0.073,B047,USD
A00000259,C000382,Investment,Active,2023-02-02,30276.26,,0.1415,B018,USD
A00000260,C000008,Savings,Active,2022-04-03,46962.46,,0.2476,B030,USD
A00000261,C000395,Savings,Inactive,2022-09-08,31714.79,,0.175,B024,USD
A00000262,C000235,Credit,Active,2023-03-06,883.59,,0.0468,B002,EUR
A00000263,C000475,Checking,Active,2024-02-18,19017.34,16569.41,0.0841,B041,USD
A00000264,C000056,Credit,Active,2025-06-30,3966.84,,0.2279,B044,EUR
A00000265,C000114,Credit,Active,2022-03-23,19131.36,,0.1003,B004,EUR
A00000266,C000425,Credit,Active,2023-03-07,16794.26,13271.79,0.0966,B024,USD
A00000267,C000220,Credit,Active,2021-11-10,44456.88,20306.23,0.1475,B016,USD
A00000268,C000475,Credit,Active,2022-04-18,10513.34,14606.81,0.1525,B046,USD
A00000269,C000446,Savings,Active,2024-01-23,39327.78,,0.1857,B025,EUR
A00000270,C000010,Checking,Active,2024-08-09,22234.02,,0.0753,B005,GBP
A00000271,C000394,Credit,Active,2024-08-08,33454.39,2935.83,0.0278,B041,USD
A00000272,C000067,Investment,Active,2024-09-13,37857.63,12639.07,0.0561,B041,GBP
A00000273,C000056,Savings,Inactive,2021-08-27,39232.29,22749.84,0.1389,B007,GBP
A00000274,C000190,Savings,Active,2024-08-01,26234.57,,0.0131,B020,USD
A00000275,C000410,Savings,Active,2024-07-26,8214.29,,0.1619,B024,USD
A00000276,C000207,Investment,Active,2022-10-15,26105.27,,0.24,B036,USD
A00000277,C000026,Credit,Inactive,2025-07-01,28364.17,,0.2213,B049,USD
A00000278,C000060,Credit,Active,2024-12-18,17995.83,,0.2291,B021,USD
A00000279,C000351,Credit,Active,2021-04-01,4433.3,,0.2407,B030,USD
A00000280,C000467,Credit,Active,2020-12-21,35923.44,7769.12,0.1373,B034,EUR
A00000281,C000059,Credit,Active,2023-10-14,41988.72,,0.2116,B019,USD
A00000282,C000209,Checking,Inactive,2025-05-08,32548.64,,0.0365,B006,USD
A00000283,C000445,Investment,Inactive,2020-08-08,20166.32,10492.95,0.1128,B036,USD
A00000284,C000439,Credit,Active,2021-12-15,10982.14,,0.1744,B015,USD
A00000285,C000411,Investment,Active,2023-04-11,17389.44,,0.0945,B039,USD
A00000286,C000340,Savings,Active,2025-04-24,46060.4,,0.0659,B036,USD
A00000287,C000220,Savings,Active,2022-02-02,20881.08,21310.47,0.1573,B007,USD
A00000288,C000201,Checking,Active,2024-08-02,44211.28,,0.0661,B014,EUR
A00000289,C000276,Checking,Active,2021-08-02,37345.21,16798.26,0.0297,B013,USD
A00000290,C000101,Credit,Active,2021-05-20,40576.74,,0.2252,B011,USD
A00000291,C000149,Investment,Active,2021-02-12,14642.57,,0.1486,B013,USD
A00000292,C000384,Savings,Active,2024-05-12,30650.27,,0.0365,B049,USD
A00000293,C000313,Investment,Active,2020-10-08,43937.47,,0.1411,B043,GBP
A00000294,C000486,Credit,Active,2021-01-05,5126.13,,0.1903,B045,USD
A00000295,C000254,Credit,Active,2023-02-28,21818.81,,0.0166,B029,USD
A00000296,C000245,Savings,Active,2021-08-12,20413.41,,0.0933,B022,USD
A00000297,C000302,Checking,Active,2021-04-27,24846.07,7940.06,0.0458,B008,USD
A00000298,C000020,Credit,Active,2024-06-18,14974.64,,0.2378,B009,USD
A00000299,C000189,Savings,Active,2024-10-13,21031.52,,0.0703,B005,GBP
A00000300,C000433,Checking,Active,2025-03-28,1445.69,,0.1702,B017,USD
A00000301,C000061,Credit,Active,2023-07-13,9829.59,17538.28,0.0939,B012,USD
A00000302,C000420,Credit,Active,2024-06-15,3877.0,,0.1716,B025,USD
A00000303,C000153,Checking,Active,2024-08-04,23175.77,11211.02,0.2432,B018,USD
A00000304,C000317,Checking,Active,2025-03-11,2656.82,,0.0265,B040,USD
A00000305,C000057,Credit,Active,2024-07-29,4208.76,,0.2269,B007,USD
A00000306,C000184,Checking,Active,2022-12-17,42714.72,,0.0885,B050,USD
A00000307,C000250,Savings,Active,2020-11-10,850.41,,0.052,B026,USD
A00000308,C000040,Checking,Active,2022-07-24,11303.43,,0.2224,B025,EUR
A00000309,C000160,Savings,Inactive,2021-01-10,35389.44,,0.1665,B002,EUR
A00000310,C000310,Checking,Active,2023-06-22,-108.22,,0.2349,B018,USD
A00000311,C000002,Savings,Active,2022-01-13,-650.4,,0.0728,B046,EUR
A00000312,C000346,Checking,Active,2020-11-18,41770.51,,0.0606,B002,USD
A00000313,C000327,Investment,Active,2023-03-24,49728.99,,0.1197,B011,USD
A00000314,C000255,Savings,Active,2023-05-20,30268.53,,0.0728,B014,USD
A00000315,C000333,Investment,Inactive,2022-09-20,15929.47,12143.85,0.0956,B021,EUR
A00000316,C000085,Investment,Active,2023-04-23,32501.96,,0.1515,B004,GBP
A00000317,C000418,Credit,Inactive,2023-09-10,48030.56,,0.2233,B050,USD
A00000318,C000190,Checking,Active,2020-12-27,32588.13,,0.151,B019,USD
A00000319,C000031,Investment,Active,2025-06-02,35465.75,,0.1593,B030,USD
A00000320,C000131,Checking,Active,2024-08-25,3575.43,,0.0682,B025,USD
A00000321,C000406,Checking,Active,2023-09-18,42585.71,,0.1142,B027,USD
A00000322,C000026,Savings,Active,2022-10-03,46134.64,,0.0516,B003,USD
A00000323,C000066,Savings,Active,2022-05-12,25553.08,21422.48,0.1562,B040,USD
A00000324,C000331,Credit,Inactive,2020-12-11,14331.21,,0.145,B011,USD
A00000325,C000033,Investment,Active,2020-09-05,23793.12,7498.79,0.1168,B023,USD
A00000326,C000162,Checking,Active,2024-03-08,42146.06,,0.1716,B040,USD
A00000327,C000224,Savings,Active,2025-02-07,20836.05,,0.0933,B030,USD
A00000328,C000042,Checking,Active,2024-12-27,5508.63,6387.99,0.1924,B045,GBP
A00000329,C000253,Credit,Active,2023-06-07,31691.28,,0.0728,B005,USD
A00000330,C000378,Savings,Active,2021-10-15,16125.58,,0.1919,B049,EUR
A00000331,C000148,Savings,Active,2022-05-25,44164.11,,0.1449,B009,USD
A00000332,C000191,Credit,Active,2022-09-21,30786.11,9198.35,0.0697,B049,USD
A00000333,C000494,Checking,Active,2022-06-26,23999.54,,0.0788,B025,USD
A00000334,C000436,Checking,Inactive,2021-03-18,21060.22,,0.1478,B037,EUR
A00000335,C000377,Savings,Frozen,2024-06-12,12043.53,9590.51,0.1971,B027,EUR
A00000336,C000009,Checking,Active,2025-06-24,2918.61,,0.2066,B011,USD
A00000337,C000053,Savings,Active,2023-10-30,16250.8,,0.0529,B027,USD
A00000338,C000115,Savings,Active,2024-04-24,27329.83,,0.0337,B009,GBP
A00000339,C000210,Savings,Active,2025-04-04,20035.47,,0.0406,B019,USD
A00000340,C000104,Investment,Active,2025-01-15,31946.1,3991.27,0.1583,B032,USD
A00000341,C000226,Investment,Active,2022-06-05,40299.82,,0.2404,B044,USD
A00000342,C000181,Checking,Active,2022-06-27,20558.57,5696.6,0.052,B044,USD
A00000343,C000173,Credit,Active,2022-01-05,20140.57,,0.0598,B046,USD
A00000344,C000377,Savings,Active,2022-03-05,43695.73,,0.1167,B037,USD
A00000345,C000091,Savings,Active,2022-12-14,4110.03,9125.11,0.119,B036,EUR
A00000346,C000224,Savings,Active,2023-05-30,-663.56,6166.43,0.1131,B002,GBP
A00000347,C000299,Savings,Active,2022-09-23,30209.85,,0.1141,B039,GBP
A00000348,C000308,Credit,Active,2023-06-11,34489.01,,0.2351,B026,USD
A00000349,C000311,Savings,Active,2025-05-17,47485.7,,0.2496,B008,EUR
A00000350,C000322,Credit,Active,2021-08-11,40720.99,,0.0755,B008,USD
A00000351,C000494,Checking,Active,2023-12-29,32769.18,7937.75,0.0969,B008,USD
A00000352,C000468,Credit,Active,2024-05-30,19219.11,23128.39,0.1187,B022,USD
A00000353,C000085,Investment,Active,2021-08-22,24739.4,,0.1551,B027,GBP
A00000354,C000257,Investment,Active,2025-06-28,46696.17,,0.1394,B048,USD
A00000355,C000036,Checking,Active,2024-08-23,45602.75,17109.87,0.1072,B049,USD
A00000356,C000359,Credit,Active,2020-09-27,9544.0,,0.1066,B024,USD
A00000357,C000149,Savings,Active,2022-08-21,16335.57,,0.0259,B003,GBP
A00000358,C000349,Checking,Frozen,2020-12-01,38399.53,,0.1476,B003,USD
A00000359,C000323,Credit,Active,2024-05-06,30101.06,,0.2473,B034,USD
A00000360,C000131,Savings,Active,2023-09-13,12348.96,9002.14,0.188,B011,USD
A00000361,C000446,Investment,Active,2025-02-09,6086.31,,0.0112,B040,EUR
A00000362,C000056,Checking,Active,2020-10-05,1435.31,,0.2185,B047,EUR
A00000363,C000317,Checking,Active,2024-08-24,39707.11,,0.0349,B001,USD
A00000364,C000031,Credit,Active,2022-11-04,3038.86,7389.74,0.161,B046,USD
A00000365,C000308,Investment,Inactive,2021-08-18,38963.51,22336.29,0.0512,B027,USD
A00000366,C000070,Credit,Active,2020-10-05,34155.14,,0.1876,B012,USD
A00000367,C000109,Investment,Active,2024-02-14,13751.05,13884.84,0.0301,B019,EUR
A00000368,C000142,Savings,Active,2020-11-21,11101.8,,0.1784,B047,EUR
A00000369,C000205,Credit,Active,2021-10-07,8472.96,,0.2373,B028,USD
A00000370,C000091,Checking,Active,2024-11-20,26952.29,,0.0497,B020,EUR
A00000371,C000394,Investment,Active,2025-05-19,46723.04,,0.197,B035,USD
A00000372,C000412,Investment,Active,2022-04-15,-591.47,,0.1223,B046,USD
A00000373,C000223,Savings,Active,2023-09-17,45605.61,,0.1747,B040,USD
A00000374,C000241,Credit,Active,2023-11-23,11022.43,,0.0425,B023,EUR
A00000375,C000123,Investment,Active,2021-11-12,-913.09,,0.084,B042,USD
A00000376,C000391,Investment,Inactive,2023-02-08,27067.37,9827.11,0.1221,B032,USD
A00000377,C000351,Checking,Active,2023-06-26,11246.44,5792.77,0.2185,B022,GBP
A00000378,C000295,Investment,Active,2022-09-17,37938.18,,0.0261,B016,USD
A00000379,C000052,Credit,Active,2022-06-04,20142.75,7976.32,0.1395,B045,USD
A00000380,C000073,Investment,Active,2025-07-24,9072.37,,0.222,B002,USD
A00000381,C000427,Checking,Frozen,2022-03-29,31743.58,,0.0847,B037,USD
A00000382,C000039,Credit,Active,2022-03-29,31670.25,20675.75,0.101,B032,USD
A00000383,C000206,Credit,Active,2025-03-13,45254.49,3003.27,0.2327,B021,USD
A00000384,C000264,Savings,Active,2024-01-01,43948.98,,0.2094,B033,USD
A00000385,C000372,Savings,Active,2022-10-11,29374.92,,0.1464,B046,USD
A00000386,C000435,Investment,Active,2021-10-04,21344.42,,0.0676,B042,USD
A00000387,C000091,Checking,Active,2023-10-02,24306.11,,0.103,B001,GBP
A00000388,C000148,Checking,Active,2023-10-21,46411.21,,0.1871,B005,USD
A00000389,C000021,Savings,Active,2023-01-05,48977.92,,0.012,B029,EUR
A00000390,C000008,Checking,Active,2020-08-10,6228.7,,0.2401,B042,USD
A00000391,C000059,Credit,Active,2023-02-10,-157.69,,0.1013,B039,USD
A00000392,C000103,Investment,Inactive,2020-11-08,7523.72,,0.1853,B012,GBP
A00000393,C000208,Credit,Active,2022-10-18,46998.28,12674.75,0.1323,B050,USD
A00000394,C000490,Investment,Active,2024-03-20,14594.66,,0.2153,B012,USD
A00000395,C000264,Investment,Active,2022-10-25,-756.91,,0.1758,B014,USD
A00000396,C000250,Savings,Active,2021-12-28,41322.94,16383.56,0.1101,B031,USD
A00000397,C000291,Investment,Active,2021-01-11,42693.02,3256.54,0.1396,B008,USD
A00000398,C000236,Credit,Active,2025-07-14,5282.34,,0.02,B014,USD
A00000399,C000299,Credit,Frozen,2022-12-08,6661.94,11049.55,0.2214,B011,GBP
A00000400,C000235,Credit,Active,2023-12-13,2653.2,,0.1908,B037,GBP
A00000401,C000196,Checking,Active,2022-11-14,17799.11,22128.02,0.0479,B022,GBP
A00000402,C000232,Checking,Inactive,2023-06-03,24738.72,,0.0204,B037,USD
A00000403,C000029,Savings,Active,2020-09-17,37170.45,,0.2109,B047,GBP
A00000404,C000377,Checking,Active,2024-11-25,1512.57,,0.0159,B042,USD
A00000405,C000120,Credit,Active,2024-09-18,41452.3,,0.207,B045,USD
A00000406,C000304,Savings,Frozen,2025-05-29,794.83,5728.04,0.1995,B016,USD
A00000407,C000284,Savings,Active,2023-08-31,28393.58,,0.0962,B007,USD
A00000408,C000491,Savings,Active,2020-08-07,49585.93,,0.1931,B031,GBP
A00000409,C000125,Investment,Active,2021-09-08,21389.22,,0.1036,B029,GBP
A00000410,C000421,Savings,Active,2024-07-19,-607.86,,0.0803,B009,USD
A00000411,C000197,Investment,Active,2024-06-06,14534.09,,0.2011,B025,USD
A00000412,C000139,Savings,Active,2023-05-31,19549.6,,0.1017,B005,USD
A00000413,C000347,Credit,Active,2022-02-13,30334.64,13137.73,0.1154,B004,USD
A00000414,C000303,Checking,Active,2022-06-30,-485.06,7520.43,0.2313,B014,USD
A00000415,C000149,Checking,Active,2021-02-10,27035.31,,0.0281,B041,USD
A00000416,C000211,Savings,Inactive,2025-04-25,78.36,,0.0103,B030,EUR
A00000417,C000144,Credit,Active,2023-01-17,13396.65,21959.75,0.1158,B038,USD
A00000418,C000286,Checking,Active,2023-07-06,25524.25,,0.166,B049,GBP
A00000419,C000408,Investment,Active,2025-07-20,18266.01,17412.62,0.108,B012,USD
A00000420,C000030,Credit,Frozen,2021-05-13,4847.64,,0.1664,B015,USD
A00000421,C000260,Checking,Active,2022-08-29,-288.68,,0.0868,B046,USD
A00000422,C000040,Checking,Active,2024-09-26,19957.09,10945.5,0.185,B039,USD
A00000423,C000368,Credit,Active,2024-10-02,46486.91,,0.0605,B023,USD
A00000424,C000221,Savings,Active,2024-02-25,25368.16,,0.0385,B019,EUR
A00000425,C000143,Investment,Active,2020-12-27,24522.03,,0.0355,B013,USD
A00000426,C000467,Checking,Active,2022-05-22,4123.7,5266.16,0.1549,B007,GBP
A00000427,C000267,Credit,Active,2022-12-29,41791.95,,0.1362,B008,EUR
A00000428,C000028,Checking,Active,2021-09-07,1327.74,18893.05,0.07,B022,USD
A00000429,C000304,Investment,Active,2023-09-30,25022.69,19830.19,0.2408,B035,USD
A00000430,C000072,Savings,Active,2025-07-28,10618.1,12884.29,0.1018,B004,USD
A00000431,C000049,Investment,Active,2022-05-27,8183.72,,0.1619,B036,USD
A00000432,C000240,Investment,Frozen,2024-09-28,26809.38,,0.0577,B035,USD
A00000433,C000256,Investment,Active,2023-05-28,16752.35,16561.64,0.1931,B046,USD
A00000434,C000120,Checking,Frozen,2022-05-31,27292.31,13411.75,0.236,B014,USD
A00000435,C000041,Credit,Active,2021-02-08,7807.66,,0.2154,B048,USD
A00000436,C000120,Checking,Active,2025-04-30,14073.77,,0.1215,B041,USD
A00000437,C000076,Credit,Active,2024-09-08,10274.31,,0.2107,B002,EUR
A00000438,C000477,Checking,Active,2022-08-29,20409.49,,0.1562,B016,USD
A00000439,C000004,Checking,Active,2021-02-12,30541.26,3079.59,0.1611,B014,USD
A00000440,C000398,Investment,Inactive,2021-07-22,2597.29,17868.19,0.0355,B044,EUR
A00000441,C000285,Credit,Inactive,2021-05-06,14851.18,,0.1719,B009,EUR
A00000442,C000499,Checking,Inactive,2020-11-26,25632.56,8428.52,0.1356,B005,USD
A00000443,C000274,Investment,Active,2023-04-12,29822.74,7738.85,0.2252,B004,USD
A00000444,C000226,Savings,Inactive,2024-04-25,14763.52,,0.0511,B015,EUR
A00000445,C000210,Savings,Active,2023-07-30,19590.9,24327.63,0.0279,B001,GBP
A00000446,C000496,Credit,Active,2023-02-14,45992.2,,0.1245,B045,USD
A00000447,C000100,Checking,Inactive,2021-01-06,457.45,,0.1777,B025,USD
A00000448,C000422,Investment,Active,2024-04-13,21331.61,14093.08,0.0971,B036,USD
A00000449,C000432,Credit,Active,2024-08-14,11759.73,,0.1902,B004,EUR
A00000450,C000157,Investment,Active,2023-01-29,43086.18,,0.1196,B011,EUR
A00000451,C000163,Investment,Frozen,2023-12-22,18589.03,,0.0768,B044,USD
A00000452,C000203,Investment,Active,2022-01-30,3851.5,,0.2002,B008,GBP
A00000453,C000421,Checking,Active,2025-01-01,46797.04,13535.42,0.1677,B045,USD
A00000454,C000270,Savings,Active,2022-11-13,28053.6,,0.1515,B012,EUR
A00000455,C000453,Investment,Active,2022-12-14,35793.33,,0.0928,B027,USD
A00000456,C000015,Savings,Active,2023-06-28,43459.42,,0.1607,B042,USD
A00000457,C000025,Investment,Active,2023-03-11,20986.84,,0.1759,B034,EUR
A00000458,C000098,Checking,Active,2024-10-03,9411.88,,0.0487,B039,EUR
A00000459,C000431,Investment,Active,2025-06-12,10061.65,,0.0397,B045,USD
A00000460,C000365,Savings,Active,2025-03-06,28729.9,,0.0621,B037,USD
A00000461,C000004,Checking,Active,2025-07-23,46547.53,,0.0927,B020,EUR
A00000462,C000471,Checking,Active,2025-03-08,14505.98,,0.1138,B048,USD
A00000463,C000428,Credit,Active,2021-04-12,23910.6,,0.206,B039,USD
A00000464,C000167,Checking,Active,2022-04-30,45771.08,,0.1453,B018,USD
A00000465,C000203,Checking,Active,2023-07-11,37897.71,,0.1339,B013,EUR
A00000466,C000216,Credit,Active,2024-09-19,26579.93,,0.1081,B027,USD
A00000467,C000359,Savings,Active,2024-08-06,21698.87,,0.2225,B030,GBP
A00000468,C000235,Credit,Active,2024-02-03,19963.46,,0.1469,B020,GBP
A00000469,C000404,Savings,Active,2023-05-04,30761.94,,0.0753,B035,USD
A00000470,C000237,Checking,Active,2021-01-07,12503.88,,0.0719,B011,EUR
A00000471,C000386,Investment,Active,2023-08-16,946.79,,0.2439,B022,GBP
A00000472,C000021,Credit,Active,2022-07-18,12541.14,,0.1382,B035,EUR
A00000473,C000409,Investment,Active,2021-04-03,48007.6,,0.2173,B007,USD
A00000474,C000294,Checking,Inactive,2021-08-15,9245.98,,0.1152,B018,EUR
A00000475,C000042,Credit,Inactive,2021-03-28,119.51,21071.37,0.2057,B035,EUR
A00000476,C000109,Savings,Active,2021-08-30,37977.61,22535.01,0.014,B025,USD
A00000477,C000244,Investment,Active,2025-06-03,8996.99,,0.1156,B049,USD
A00000478,C000211,Savings,Active,2020-11-13,10588.97,16860.27,0.0128,B020,USD
A00000479,C000152,Credit,Active,2021-06-30,24500.55,,0.0698,B049,USD
A00000480,C000033,Checking,Inactive,2025-08-02,29287.19,15431.44,0.1449,B007,USD
A00000481,C000411,Savings,Active,2022-02-14,45033.43,,0.0107,B040,USD
A00000482,C000446,Credit,Active,2021-11-26,20387.96,,0.1532,B024,USD
A00000483,C000386,Checking,Active,2022-10-20,41838.06,,0.2427,B021,USD
A00000484,C000204,Savings,Active,2022-07-15,48944.24,,0.1528,B010,USD
A00000485,C000178,Investment,Active,2025-05-08,42900.99,,0.0924,B002,USD
A00000486,C000029,Credit,Active,2022-03-09,2758.64,,0.2123,B050,USD
A00000487,C000122,Checking,Inactive,2022-10-13,18092.97,,0.0475,B024,USD
A00000488,C000411,Savings,Active,2024-08-22,4794.28,,0.1464,B036,USD
A00000489,C000359,Checking,Active,2023-02-19,22433.67,6443.87,0.1247,B026,EUR
A00000490,C000015,Investment,Active,2024-08-21,33260.4,22384.95,0.077,B039,USD
A00000491,C000398,Savings,Active,2022-06-14,22740.93,,0.23,B027,USD
A00000492,C000314,Credit,Inactive,2024-07-29,18786.35,,0.0591,B012,USD
A00000493,C000496,Credit,Active,2024-05-29,6966.68,,0.1448,B033,GBP
A00000494,C000373,Checking,Inactive,2021-07-10,21506.69,,0.1621,B019,USD
A00000495,C000177,Credit,Active,2020-08-20,21388.42,,0.2072,B024,USD
A00000496,C000357,Savings,Active,2021-09-28,21870.52,10262.06,0.1735,B042,USD
A00000497,C000287,Credit,Active,2025-08-04,16639.47,13512.92,0.2441,B014,USD
A00000498,C000045,Investment,Active,2022-01-29,19058.6,16049.57,0.0757,B036,GBP
A00000499,C000341,Investment,Active,2022-02-12,21692.23,,0.0572,B029,USD
A00000500,C000040,Checking,Active,2024-12-07,25717.57,,0.1963,B012,USD
A00000501,C000448,Investment,Frozen,2020-11-06,43619.16,,0.1313,B034,USD
A00000502,C000225,Credit,Active,2022-04-06,7910.57,17465.16,0.0173,B021,USD
A00000503,C000496,Credit,Active,2023-04-03,6356.31,6021.81,0.1952,B022,USD
A00000504,C000370,Investment,Inactive,2024-06-02,38366.85,,0.0306,B005,USD
A00000505,C000037,Savings,Active,2022-11-22,5393.2,,0.164,B031,USD
A00000506,C000273,Investment,Active,2025-06-17,20787.66,,0.231,B017,USD
A00000507,C000210,Checking,Active,2025-04-03,4226.71,19390.07,0.094,B016,USD
A00000508,C000238,Checking,Active,2021-04-14,44767.38,,0.0987,B011,USD
A00000509,C000158,Checking,Active,2024-02-29,12411.1,,0.2261,B022,USD
A00000510,C000337,Credit,Active,2020-12-12,27623.0,,0.2423,B013,GBP
A00000511,C000059,Investment,Active,2022-03-08,6118.26,,0.0532,B030,EUR
A00000512,C000043,Savings,Active,2022-04-25,24524.81,2974.33,0.0767,B034,USD
A00000513,C000369,Credit,Active,2021-07-04,33974.3,,0.0899,B029,USD
A00000514,C000127,Credit,Active,2024-11-05,10046.4,,0.0649,B039,USD
A00000515,C000066,Checking,Active,2023-02-10,40988.77,10365.45,0.2048,B017,USD
A00000516,C000128,Credit,Active,2024-04-26,31697.87,,0.1036,B034,EUR
A00000517,C000255,Savings,Active,2022-09-25,49005.31,,0.0858,B018,EUR
A00000518,C000219,Savings,Active,2022-10-27,44936.21,2279.97,0.0445,B020,USD
A00000519,C000313,Credit,Active,2022-04-22,26632.18,,0.017,B004,USD
A00000520,C000477,Checking,Active,2024-12-06,22835.92,2311.77,0.11,B028,USD
A00000521,C000369,Credit,Active,2025-04-27,26127.8,,0.1428,B012,GBP
A00000522,C000138,Credit,Active,2024-06-10,47901.02,4415.42,0.1372,B018,EUR
A00000523,C000352,Checking,Active,2022-05-03,7810.6,,0.069,B037,EUR
A00000524,C000302,Checking,Active,2024-02-07,6305.18,23981.55,0.0278,B042,USD
A00000525,C000071,Credit,Active,2021-03-31,18547.38,8792.94,0.2117,B046,USD
A00000526,C000170,Savings,Frozen,2021-07-05,23916.3,13898.2,0.2275,B032,USD
A00000527,C000040,Checking,Active,2024-02-10,9487.74,18408.95,0.0164,B016,USD
A00000528,C000447,Investment,Active,2021-09-12,13633.65,12224.87,0.0716,B035,USD
A00000529,C000140,Savings,Active,2023-03-07,2155.11,,0.0601,B014,GBP
A00000530,C000279,Credit,Active,2022-05-24,11378.01,,0.2401,B031,USD
A00000531,C000383,Credit,Active,2024-09-11,26441.16,11147.85,0.1885,B049,USD
A00000532,C000492,Investment,Active,2022-01-09,6068.4,22876.76,0.1733,B006,USD
A00000533,C000488,Credit,Inactive,2022-04-22,24592.82,,0.1865,B011,USD
A00000534,C000011,Investment,Active,2023-01-27,12628.98,19613.28,0.0892,B002,USD
A00000535,C000231,Checking,Active,2022-10-11,41412.32,,0.1853,B047,USD
A00000536,C000332,Savings,Active,2021-04-29,14306.61,,0.2063,B020,EUR
A00000537,C000487,Investment,Active,2025-01-01,29726.96,,0.0347,B008,USD
A00000538,C000387,Investment,Active,2023-01-14,41525.04,17170.62,0.0413,B011,USD
A00000539,C000152,Credit,Active,2021-07-12,39921.38,,0.1473,B018,GBP
A00000540,C000271,Credit,Active,2021-07-12,9900.01,1301.45,0.1474,B013,EUR
A00000541,C000285,Credit,Active,2021-08-02,23287.86,,0.1735,B045,EUR
A00000542,C000180,Checking,Active,2021-07-03,24034.66,4710.74,0.0834,B008,EUR
A00000543,C000089,Savings,Active,2024-10-26,21382.05,21498.49,0.2391,B036,USD
A00000544,C000128,Investment,Frozen,2024-06-28,46622.35,,0.1814,B020,USD
A00000545,C000253,Checking,Active,2025-03-23,30874.48,,0.1805,B001,EUR
A00000546,C000350,Checking,Active,2024-11-20,19639.29,,0.0741,B048,USD
A00000547,C000365,Savings,Active,2024-06-11,6320.85,,0.1992,B012,USD
A00000548,C000040,Checking,Inactive,2023-08-15,49379.16,,0.1748,B001,USD
A00000549,C000447,Savings,Active,2025-03-19,49395.32,,0.0415,B011,USD
A00000550,C000301,Savings,Active,2023-11-27,17327.36,,0.0218,B037,USD
A00000551,C000150,Investment,Active,2024-01-14,42313.82,21380.35,0.2175,B019,USD
A00000552,C000275,Savings,Active,2020-08-12,22755.08,,0.1457,B047,USD
A00000553,C000063,Investment,Active,2024-03-04,1243.01,,0.0878,B048,USD
A00000554,C000272,Credit,Active,2020-08-31,20910.04,12156.27,0.2307,B008,USD
A00000555,C000123,Credit,Active,2022-12-19,34124.7,,0.0917,B026,EUR
A00000556,C000488,Savings,Active,2024-05-06,22613.87,,0.0246,B045,USD
A00000557,C000179,Savings,Active,2024-11-04,13044.61,24293.32,0.1126,B017,EUR
A00000558,C000326,Credit,Active,2020-09-13,14288.8,,0.1009,B026,EUR
A00000559,C000478,Credit,Active,2022-05-14,42702.78,4979.77,0.1312,B001,USD
A00000560,C000479,Checking,Active,2023-09-25,4596.75,,0.2412,B017,USD
A00000561,C000262,Credit,Active,2021-10-09,3978.67,,0.0677,B012,USD
A00000562,C000093,Savings,Active,2022-02-04,35900.33,,0.1401,B015,USD
A00000563,C000219,Savings,Active,2020-11-06,6205.58,,0.183,B018,USD
A00000564,C000060,Credit,Active,2022-08-23,23006.46,,0.1208,B027,GBP
A00000565,C000224,Checking,Active,2021-01-04,32226.05,22292.48,0.1536,B008,USD
A00000566,C000196,Savings,Active,2025-05-16,12674.63,,0.0673,B014,USD
A00000567,C000106,Credit,Active,2022-03-24,28472.79,4081.47,0.2429,B042,USD
A00000568,C000494,Savings,Active,2022-01-08,15321.61,,0.162,B044,USD
A00000569,C000333,Checking,Active,2023-10-05,17897.4,,0.1206,B007,GBP
A00000570,C000109,Checking,Active,2023-03-28,37878.53,,0.1424,B013,USD
A00000571,C000341,Credit,Active,2023-11-20,18796.29,,0.0867,B007,USD
A00000572,C000324,Checking,Active,2024-10-22,17710.33,,0.1723,B007,USD
A00000573,C000159,Savings,Active,2021-02-02,7202.82,,0.0772,B021,USD
A00000574,C000034,Investment,Inactive,2022-12-03,47921.97,,0.0699,B032,USD
A00000575,C000035,Checking,Active,2022-11-02,8822.21,8068.42,0.1838,B037,USD
A00000576,C000095,Investment,Active,2021-07-03,3029.72,4739.06,0.1031,B042,USD
A00000577,C000240,Credit,Active,2024-07-12,38503.98,,0.1553,B040,EUR
A00000578,C000223,Checking,Active,2021-09-26,24777.17,,0.1032,B040,GBP
A00000579,C000197,Investment,Inactive,2023-08-31,4116.82,,0.2163,B012,USD
A00000580,C000067,Checking,Active,2020-11-05,49337.2,,0.1134,B015,USD
A00000581,C000415,Savings,Active,2024-07-09,24145.51,5756.77,0.1006,B008,GBP
A00000582,C000297,Savings,Active,2023-01-10,29178.83,,0.0327,B044,USD
A00000583,C000338,Investment,Active,2024-03-18,19129.36,,0.0701,B021,USD
A00000584,C000409,Investment,Inactive,2024-07-08,33042.68,1687.6,0.2042,B050,USD
A00000585,C000390,Savings,Active,2025-06-25,16499.46,,0.0231,B013,EUR
A00000586,C000180,Checking,Active,2021-10-19,35106.33,,0.0984,B041,GBP
A00000587,C000126,Credit,Active,2024-04-24,30472.39,,0.2169,B033,USD
A00000588,C000432,Savings,Active,2024-12-19,27433.72,,0.2311,B039,EUR
A00000589,C000463,Savings,Active,2022-03-08,49415.27,,0.213,B029,USD
A00000590,C000108,Credit,Active,2021-08-30,28730.23,,0.2044,B009,GBP
A00000591,C000257,Checking,Inactive,2022-07-04,3535.65,,0.0306,B032,USD
A00000592,C000049,Checking,Active,2021-04-30,13509.0,24142.45,0.1279,B015,USD
A00000593,C000256,Credit,Active,2025-07-03,37599.74,12369.41,0.1572,B033,USD
A00000594,C000271,Checking,Active,2021-11-09,2170.64,,0.2204,B006,USD
A00000595,C000031,Savings,Active,2021-06-01,13090.61,,0.0144,B001,USD
A00000596,C000373,Savings,Active,2022-03-23,38310.85,,0.0361,B043,USD
A00000597,C000443,Checking,Active,2023-10-21,22769.62,,0.0453,B019,USD
A00000598,C000230,Investment,Frozen,2023-03-28,15437.48,18554.36,0.188,B020,USD
A00000599,C000294,Checking,Active,2022-02-08,34102.32,,0.2089,B014,GBP
A00000600,C000484,Credit,Active,2023-05-14,21599.56,,0.0207,B041,GBP
A00000601,C000054,Credit,Active,2023-06-27,36848.67,,0.1548,B045,USD
A00000602,C000386,Checking,Inactive,2020-12-31,39205.86,13532.12,0.0415,B048,USD
A00000603,C000217,Checking,Active,2020-08-16,26269.28,,0.1494,B035,EUR
A00000604,C000070,Investment,Active,2024-02-03,33858.89,,0.1024,B037,EUR
A00000605,C000447,Savings,Active,2025-04-08,48882.32,,0.1718,B044,EUR
A00000606,C000416,Investment,Active,2023-07-10,18218.32,,0.2272,B019,GBP
A00000607,C000376,Investment,Active,2024-06-23,29454.22,,0.2388,B039,GBP
A00000608,C000238,Investment,Active,2024-03-27,9910.99,,0.2034,B033,USD
A00000609,C000463,Investment,Active,2022-09-23,36350.68,,0.0419,B042,EUR
A00000610,C000400,Investment,Active,2021-04-01,44944.94,,0.077,B050,USD
A00000611,C000048,Savings,Active,2025-04-19,27681.86,,0.0911,B004,USD
A00000612,C000331,Credit,Active,2025-07-19,19534.59,,0.1913,B010,USD
A00000613,C000236,Savings,Active,2023-10-12,11675.78,8974.48,0.2016,B044,USD
A00000614,C000086,Checking,Frozen,2023-03-31,49142.36,,0.2362,B038,USD
A00000615,C000178,Credit,Active,2025-07-25,43402.54,,0.1584,B014,USD
A00000616,C000268,Savings,Active,2024-12-09,33867.58,,0.1857,B047,USD
A00000617,C000356,Checking,Active,2020-11-05,8609.59,,0.0299,B048,USD
A00000618,C000396,Credit,Active,2022-03-19,3015.54,,0.0845,B030,USD
A00000619,C000280,Credit,Active,2025-05-01,19247.01,17878.27,0.1911,B011,USD
A00000620,C000271,Credit,Active,2022-01-14,18233.71,11139.85,0.2093,B047,EUR
A00000621,C000497,Credit,Active,2023-09-19,46607.64,,0.197,B050,USD
A00000622,C000234,Savings,Active,2025-07-28,24777.83,,0.1443,B032,USD
A00000623,C000456,Savings,Active,2025-06-06,4153.19,,0.1056,B029,USD
A00000624,C000347,Checking,Active,2022-05-24,5057.21,7426.32,0.0901,B040,USD
A00000625,C000307,Savings,Active,2024-03-05,1298.67,,0.2284,B039,USD
A00000626,C000343,Checking,Active,2024-12-19,3017.26,14326.11,0.1655,B003,USD
A00000627,C000098,Credit,Active,2020-12-03,43270.24,,0.1237,B019,USD
A00000628,C000500,Investment,Inactive,2025-02-22,12094.91,10784.93,0.2365,B024,USD
A00000629,C000044,Savings,Frozen,2020-08-21,42828.31,,0.0917,B038,USD
A00000630,C000407,Credit,Active,2024-10-13,3443.37,,0.1075,B002,USD
A00000631,C000196,Savings,Active,2025-01-10,20015.52,,0.1059,B002,USD
A00000632,C000480,Credit,Active,2023-06-15,15604.37,,0.0861,B042,USD
A00000633,C000291,Checking,Active,2024-04-28,10781.14,1472.33,0.1043,B028,USD
A00000634,C000433,Investment,Active,2022-05-26,30878.29,,0.0599,B005,USD
A00000635,C000176,Savings,Active,2024-11-03,42671.12,,0.114,B050,USD
A00000636,C000351,Credit,Active,2023-07-18,45786.16,,0.1705,B013,GBP
A00000637,C000377,Checking,Active,2023-05-29,13141.65,,0.1009,B014,USD
A00000638,C000308,Credit,Active,2024-10-14,19605.44,22701.64,0.0447,B030,USD
A00000639,C000018,Credit,Active,2023-12-17,28725.28,,0.113,B050,USD
A00000640,C000386,Savings,Frozen,2025-03-11,12529.34,,0.0162,B040,USD
A00000641,C000295,Savings,Active,2024-04-21,17480.98,,0.0328,B025,EUR
A00000642,C000123,Savings,Active,2024-03-14,40730.06,,0.0405,B038,GBP
A00000643,C000069,Investment,Active,2023-01-04,37086.19,24576.52,0.2171,B039,USD
A00000644,C000151,Checking,Active,2021-05-15,38234.34,,0.0609,B002,USD
A00000645,C000446,Savings,Active,2022-01-29,4746.41,23167.34,0.1674,B011,USD
A00000646,C000060,Investment,Active,2025-06-22,3553.34,,0.0394,B046,USD
A00000647,C000005,Investment,Active,2025-01-17,3354.43,,0.1571,B010,USD
A00000648,C000485,Credit,Active,2022-02-09,11694.17,5950.2,0.2274,B016,USD
A00000649,C000086,Investment,Active,2023-05-11,35636.22,,0.1775,B041,USD
A00000650,C000140,Checking,Active,2024-12-26,4280.04,,0.1696,B006,EUR
A00000651,C000220,Savings,Active,2024-08-15,30104.49,13867.91,0.0409,B019,USD
A00000652,C000083,Checking,Active,2022-11-04,18145.13,,0.0109,B034,USD
A00000653,C000329,Credit,Active,2024-01-18,34517.37,,0.1683,B042,USD
A00000654,C000119,Savings,Frozen,2020-10-23,7281.33,,0.2399,B017,USD
A00000655,C000222,Savings,Active,2024-11-12,43406.37,,0.1043,B048,USD
A00000656,C000175,Credit,Active,2024-01-17,16460.14,13515.42,0.1264,B035,USD
A00000657,C000178,Checking,Active,2025-04-26,22745.43,,0.1163,B020,USD
A00000658,C000138,Checking,Active,2020-09-10,22370.36,18571.06,0.1028,B021,USD
A00000659,C000180,Savings,Active,2024-06-04,11582.88,8173.75,0.0745,B035,EUR
A00000660,C000143,Credit,Active,2022-02-06,47477.71,,0.2306,B049,USD
A00000661,C000358,Investment,Active,2023-10-02,46026.68,4270.98,0.1405,B008,EUR
A00000662,C000343,Investment,Active,2025-03-09,20824.74,20000.89,0.0101,B046,USD
A00000663,C000089,Savings,Active,2021-02-05,8954.66,,0.1165,B008,USD
A00000664,C000444,Credit,Active,2025-03-16,23272.19,7007.73,0.242,B028,USD
A00000665,C000089,Savings,Active,2024-07-13,37325.3,,0.1848,B036,EUR
A00000666,C000261,Savings,Active,2023-12-03,23170.51,,0.011,B033,USD
A00000667,C000094,Savings,Frozen,2023-06-17,28593.89,5246.46,0.0376,B042,EUR
A00000668,C000304,Credit,Active,2020-12-04,8972.04,,0.0722,B037,USD
A00000669,C000026,Savings,Active,2023-06-11,38705.9,21300.94,0.1492,B011,USD
A00000670,C000012,Checking,Active,2023-09-11,45596.34,15344.44,0.2319,B009,EUR
A00000671,C000429,Investment,Active,2021-02-18,39272.91,,0.2261,B016,USD
A00000672,C000314,Credit,Inactive,2022-10-23,7610.74,,0.0657,B011,USD
A00000673,C000283,Checking,Inactive,2021-11-25,22857.0,,0.013,B031,EUR
A00000674,C000054,Investment,Active,2025-08-02,16705.12,,0.1401,B010,USD
A00000675,C000007,Credit,Active,2023-08-10,7244.19,,0.1399,B008,GBP
A00000676,C000044,Savings,Active,2022-11-23,42865.83,,0.102,B003,USD
A00000677,C000294,Investment,Frozen,2022-03-29,13777.48,3630.21,0.197,B008,USD
A00000678,C000299,Checking,Active,2021-10-31,14080.53,,0.183,B016,USD
A00000679,C000357,Credit,Active,2024-04-07,39889.13,,0.1912,B010,USD
A00000680,C000295,Investment,Active,2021-10-01,25578.05,19241.76,0.1777,B037,GBP
A00000681,C000353,Investment,Active,2020-12-29,32678.56,,0.0279,B020,GBP
A00000682,C000337,Savings,Active,2025-04-19,36340.17,,0.193,B022,USD
A00000683,C000473,Credit,Active,2022-05-08,3167.78,,0.1154,B042,USD
A00000684,C000023,Investment,Frozen,2021-12-22,29609.8,16461.05,0.1887,B004,USD
A00000685,C000097,Savings,Active,2023-11-21,10361.41,,0.0457,B041,GBP
A00000686,C000092,Savings,Active,2020-09-28,47840.92,,0.0308,B021,USD
A00000687,C000370,Investment,Active,2020-12-06,40719.38,16805.75,0.0753,B015,USD
A00000688,C000029,Investment,Active,2022-04-21,16485.33,22637.24,0.0378,B045,USD
A00000689,C000257,Credit,Active,2023-11-15,29467.9,,0.1598,B047,EUR
A00000690,C000167,Credit,Active,2024-01-13,9469.73,,0.1036,B020,USD
A00000691,C000143,Savings,Active,2021-05-10,39239.97,,0.0156,B049,EUR
A00000692,C000359,Checking,Active,2025-05-16,1962.75,3580.56,0.2253,B016,USD
A00000693,C000093,Credit,Active,2023-04-21,10995.34,,0.1955,B037,EUR
A00000694,C000161,Checking,Active,2022-08-20,30000.59,,0.0389,B038,USD
A00000695,C000335,Credit,Inactive,2021-08-15,2318.0,,0.0371,B019,EUR
A00000696,C000206,Checking,Inactive,2022-06-19,44809.6,15458.79,0.0716,B039,USD
A00000697,C000500,Credit,Active,2023-03-16,1519.75,22082.42,0.018,B001,USD
A00000698,C000167,Investment,Active,2024-09-05,3762.71,,0.0618,B013,USD
A00000699,C000241,Savings,Active,2023-05-07,18624.82,22972.14,0.178,B046,USD
A00000700,C000178,Checking,Active,2025-06-21,40752.29,,0.1673,B028,USD
A00000701,C000265,Checking,Active,2025-05-03,21818.22,3509.38,0.1597,B024,USD
A00000702,C000412,Credit,Active,2025-06-18,41312.31,10179.75,0.0616,B032,USD
A00000703,C000140,Credit,Active,2023-01-02,35352.62,5517.05,0.1361,B047,USD
A00000704,C000376,Credit,Active,2024-06-14,27799.7,23047.94,0.2393,B007,EUR
A00000705,C000394,Investment,Active,2023-10-08,25212.39,12255.07,0.2314,B041,EUR
A00000706,C000448,Investment,Frozen,2024-09-09,34957.04,,0.0522,B006,USD
A00000707,C000021,Savings,Active,2021-05-01,31001.97,,0.1214,B028,USD
A00000708,C000494,Savings,Active,2020-11-09,45805.15,,0.0304,B048,EUR
A00000709,C000319,Checking,Active,2024-09-04,21433.65,,0.2218,B007,USD
A00000710,C000231,Credit,Active,2022-01-13,12426.18,,0.198,B002,USD
A00000711,C000446,Savings,Active,2023-09-08,16605.78,,0.1087,B032,USD
A00000712,C000174,Credit,Active,2021-07-26,16853.19,,0.2463,B037,USD
A00000713,C000409,Credit,Active,2021-06-10,18938.22,21490.25,0.1577,B005,GBP
A00000714,C000338,Credit,Active,2023-04-02,43800.27,,0.0903,B042,USD
A00000715,C000439,Investment,Active,2025-07-13,36920.52,,0.2088,B027,USD
A00000716,C000283,Investment,Active,2021-12-17,47494.63,,0.2006,B044,USD
A00000717,C000462,Investment,Active,2021-02-13,19518.18,,0.0464,B017,USD
A00000718,C000094,Checking,Frozen,2022-07-15,11271.11,,0.1939,B031,USD
A00000719,C000253,Checking,Active,2023-07-31,45012.65,,0.0258,B009,USD
A00000720,C000388,Checking,Active,2025-03-25,21320.77,6369.72,0.0202,B040,USD
A00000721,C000262,Checking,Inactive,2023-02-19,28009.83,,0.1203,B049,EUR
A00000722,C000213,Savings,Active,2020-09-06,45297.82,,0.096,B027,USD
A00000723,C000237,Investment,Active,2024-06-12,20249.53,,0.0262,B014,USD
A00000724,C000497,Investment,Active,2025-02-23,16108.79,,0.2351,B029,GBP
A00000725,C000452,Checking,Active,2021-03-21,49351.92,,0.1422,B014,USD
A00000726,C000397,Savings,Active,2023-04-22,45262.29,8783.09,0.2302,B015,USD
A00000727,C000425,Investment,Active,2020-11-10,14752.32,,0.0325,B050,GBP
A00000728,C000408,Credit,Active,2023-10-29,4772.84,10686.59,0.1773,B015,USD
A00000729,C000213,Savings,Frozen,2020-10-18,46858.08,,0.1206,B013,USD
A00000730,C000398,Credit,Active,2022-04-01,46596.64,10088.74,0.1451,B008,USD
A00000731,C000421,Investment,Active,2023-10-19,47513.21,,0.0252,B025,USD
A00000732,C000314,Savings,Active,2024-04-26,9582.09,3305.7,0.192,B036,EUR
A00000733,C000263,Checking,Active,2021-01-16,3878.27,24841.46,0.2096,B022,USD
A00000734,C000135,Checking,Inactive,2022-08-02,47343.96,,0.0341,B007,USD
A00000735,C000098,Savings,Active,2025-05-21,42598.82,14801.05,0.0274,B020,USD
A00000736,C000358,Credit,Active,2024-07-19,44021.68,,0.1868,B038,EUR
A00000737,C000193,Savings,Active,2024-06-29,19959.79,,0.0346,B008,EUR
A00000738,C000023,Savings,Active,2024-03-19,17706.27,,0.1761,B008,USD
A00000739,C000496,Investment,Active,2021-09-07,16569.99,,0.1585,B012,USD
A00000740,C000003,Checking,Inactive,2021-07-14,8430.69,,0.041,B029,USD
A00000741,C000198,Credit,Active,2021-11-22,10077.48,,0.1866,B045,USD
A00000742,C000044,Investment,Active,2024-08-10,7152.39,2649.06,0.042,B040,USD
A00000743,C000386,Checking,Active,2024-08-11,48639.17,,0.1488,B047,USD
A00000744,C000416,Investment,Active,2024-03-06,12089.86,23828.78,0.1776,B008,EUR
A00000745,C000048,Investment,Inactive,2024-02-15,41582.45,,0.0689,B003,USD
A00000746,C000314,Checking,Active,2022-11-30,33732.51,1860.82,0.207,B012,USD
A00000747,C000024,Credit,Active,2023-04-04,41230.64,,0.1384,B026,EUR
A00000748,C000046,Checking,Active,2025-01-01,41935.01,,0.1233,B041,USD
A00000749,C000236,Savings,Active,2021-07-21,45197.85,,0.012,B022,EUR
A00000750,C000093,Credit,Active,2020-11-30,26733.62,,0.0153,B050,GBP
A00000751,C000307,Investment,Active,2022-11-03,23128.98,,0.0848,B037,USD
A00000752,C000306,Savings,Active,2021-06-10,4100.69,,0.193,B011,EUR
A00000753,C000395,Credit,Active,2022-08-17,11059.35,,0.1497,B044,GBP
A00000754,C000444,Checking,Inactive,2024-10-11,19716.7,,0.0737,B030,USD
A00000755,C000486,Checking,Active,2021-06-15,6394.95,18128.07,0.173,B041,USD
A00000756,C000149,Credit,Active,2022-10-15,40020.95,,0.1386,B034,USD
A00000757,C000341,Investment,Active,2021-10-24,39344.15,,0.0823,B022,USD
A00000758,C000135,Savings,Active,2023-01-19,17767.0,18830.51,0.0323,B009,USD
A00000759,C000029,Investment,Active,2022-04-05,9352.04,,0.0748,B035,USD
A00000760,C000207,Credit,Active,2023-01-27,4878.42,,0.0608,B039,USD
A00000761,C000136,Credit,Active,2024-04-11,47508.24,,0.2251,B047,USD
A00000762,C000058,Savings,Active,2023-01-10,41782.08,10918.18,0.1225,B041,EUR
A00000763,C000112,Checking,Inactive,2020-09-13,48089.56,,0.0163,B040,USD
A00000764,C000110,Credit,Active,2024-06-01,19151.94,12493.05,0.2425,B014,USD
A00000765,C000419,Checking,Active,2021-08-24,38941.38,,0.0557,B011,USD
A00000766,C000351,Checking,Active,2024-09-19,35782.78,,0.1836,B001,USD
A00000767,C000319,Credit,Active,2020-12-08,46906.24,,0.0972,B026,USD
A00000768,C000178,Checking,Active,2025-05-10,12521.22,24260.44,0.0901,B050,GBP
A00000769,C000209,Savings,Active,2020-10-30,46671.92,,0.1042,B011,USD
A00000770,C000449,Savings,Active,2022-09-20,40719.1,,0.24,B020,USD
A00000771,C000186,Investment,Inactive,2024-01-11,49304.34,21301.11,0.0745,B039,USD
A00000772,C000105,Checking,Active,2022-08-11,12239.15,,0.0686,B017,USD
A00000773,C000146,Credit,Active,2024-12-27,3552.19,,0.0436,B040,GBP
A00000774,C000410,Credit,Active,2023-10-30,9428.16,2288.03,0.0959,B039,USD
A00000775,C000284,Savings,Active,2025-04-03,27859.84,23137.14,0.0464,B003,USD
A00000776,C000489,Credit,Inactive,2023-03-21,40280.04,,0.2297,B038,USD
A00000777,C000420,Investment,Inactive,2022-06-25,9267.43,,0.1426,B025,EUR
A00000778,C000230,Credit,Active,2020-12-15,46444.08,,0.1536,B043,USD
A00000779,C000114,Credit,Active,2022-06-06,13975.39,,0.0545,B043,EUR
A00000780,C000180,Checking,Active,2022-08-25,6197.14,8977.99,0.0553,B008,USD
A00000781,C000114,Credit,Active,2024-08-19,9125.42,,0.1033,B038,USD
A00000782,C000032,Investment,Active,2024-04-12,15741.27,,0.0797,B014,USD
A00000783,C000138,Savings,Active,2022-01-29,2776.11,,0.2283,B022,GBP
A00000784,C000387,Investment,Active,2020-11-20,44376.7,,0.0869,B015,USD
A00000785,C000204,Credit,Inactive,2022-10-30,16941.39,10300.22,0.2319,B019,EUR
A00000786,C000008,Credit,Frozen,2024-06-11,40636.2,,0.0229,B011,USD
A00000787,C000287,Credit,Active,2023-11-15,28406.83,,0.1492,B047,EUR
A00000788,C000325,Investment,Inactive,2021-06-10,24777.4,,0.0335,B026,USD
A00000789,C000175,Savings,Active,2021-09-14,13539.93,,0.057,B021,USD
A00000790,C000109,Investment,Active,2022-06-17,11983.89,,0.0329,B015,USD
A00000791,C000010,Investment,Active,2022-08-14,24326.68,4343.25,0.017,B043,EUR
A00000792,C000327,Credit,Active,2025-01-12,32141.45,19875.09,0.2228,B029,USD
A00000793,C000117,Investment,Active,2022-08-02,27608.35,,0.0213,B017,USD
A00000794,C000300,Checking,Inactive,2024-07-25,38387.03,9610.72,0.0737,B019,USD
A00000795,C000229,Credit,Active,2025-04-02,14724.02,,0.1299,B007,USD
A00000796,C000349,Investment,Active,2021-06-21,28395.59,,0.1986,B021,USD
A00000797,C000206,Savings,Active,2025-02-07,4846.46,,0.1195,B050,USD
A00000798,C000322,Checking,Active,2024-05-10,25698.43,,0.084,B031,EUR
A00000799,C000354,Savings,Active,2024-07-26,38815.57,,0.2333,B020,USD
A00000800,C000329,Checking,Active,2024-11-16,45092.73,,0.2045,B012,EUR
A00000801,C000456,Credit,Active,2024-11-09,43850.08,,0.1277,B030,USD
A00000802,C000222,Credit,Active,2024-11-08,21674.91,,0.1864,B049,GBP
A00000803,C000285,Credit,Active,2025-07-16,9504.78,,0.1007,B016,USD
A00000804,C000335,Checking,Active,2024-07-08,19645.93,,0.151,B024,GBP
A00000805,C000071,Credit,Active,2023-05-22,24204.97,,0.1285,B032,USD
A00000806,C000162,Investment,Active,2020-12-05,12916.92,,0.0516,B006,USD
A00000807,C000437,Checking,Active,2022-02-21,32559.24,,0.1436,B013,USD
A00000808,C000402,Credit,Active,2023-02-08,38430.2,2277.43,0.0315,B009,USD
A00000809,C000042,Investment,Active,2022-12-15,22838.19,,0.0324,B021,USD
A00000810,C000292,Investment,Active,2022-08-01,28990.13,,0.2227,B013,EUR
A00000811,C000029,Savings,Active,2020-08-14,7813.46,,0.1764,B010,USD
A00000812,C000400,Investment,Active,2024-12-31,24955.14,12953.24,0.1503,B030,USD
A00000813,C000403,Credit,Active,2020-09-12,36344.96,,0.0791,B022,USD
A00000814,C000347,Credit,Active,2021-08-27,2098.54,15988.54,0.0359,B021,EUR
A00000815,C000339,Credit,Active,2024-11-18,21255.02,,0.2312,B001,USD
A00000816,C000358,Savings,Active,2021-02-19,6605.37,,0.1957,B045,USD
A00000817,C000478,Investment,Frozen,2023-08-24,24947.44,,0.1761,B014,EUR
A00000818,C000155,Credit,Active,2025-05-28,28690.61,,0.2198,B003,USD
A00000819,C000292,Checking,Active,2023-02-21,47674.87,,0.0873,B045,EUR
A00000820,C000257,Checking,Frozen,2020-10-04,27413.36,23400.76,0.0469,B034,USD
A00000821,C000355,Savings,Active,2024-03-20,27161.24,,0.228,B040,EUR
A00000822,C000056,Credit,Active,2023-12-29,22347.61,7872.3,0.0883,B023,USD
A00000823,C000252,Savings,Active,2024-07-31,31538.12,,0.1135,B035,EUR
A00000824,C000443,Savings,Active,2021-12-13,25396.36,17392.02,0.0133,B041,USD
A00000825,C000242,Checking,Active,2023-03-20,23567.84,,0.0433,B018,USD
A00000826,C000324,Credit,Active,2021-08-19,30090.57,23862.2,0.039,B033,USD
A00000827,C000205,Checking,Active,2023-02-21,47518.8,,0.2066,B050,GBP
A00000828,C000090,Savings,Active,2020-10-09,24239.15,7217.07,0.0743,B050,EUR
A00000829,C000436,Checking,Active,2021-05-03,27365.99,,0.1702,B017,EUR
A00000830,C000300,Credit,Active,2022-10-01,33137.67,,0.0494,B044,GBP
A00000831,C000065,Savings,Active,2022-09-01,36091.64,,0.2159,B026,USD
A00000832,C000299,Investment,Active,2021-09-11,24924.13,13216.65,0.0572,B008,USD
A00000833,C000117,Investment,Inactive,2024-01-25,34335.7,,0.1734,B012,USD
A00000834,C000134,Credit,Active,2024-07-16,41095.77,4149.44,0.1247,B046,USD
A00000835,C000136,Investment,Active,2021-01-03,38385.86,5202.54,0.0924,B044,EUR
A00000836,C000103,Checking,Active,2021-10-04,11906.36,,0.0975,B004,USD
A00000837,C000402,Investment,Active,2022-07-19,42177.11,2209.44,0.2271,B004,USD
A00000838,C000003,Savings,Active,2021-04-17,47496.36,,0.2392,B048,USD
A00000839,C000248,Credit,Frozen,2024-08-26,17142.18,,0.2272,B006,EUR
A00000840,C000467,Credit,Active,2020-09-22,10952.9,24899.67,0.1304,B032,EUR
A00000841,C000302,Checking,Active,2024-02-26,26242.47,,0.1896,B019,EUR
A00000842,C000029,Credit,Active,2024-05-17,36301.72,,0.12,B049,USD
A00000843,C000314,Savings,Active,2023-04-05,36656.03,,0.0468,B044,GBP
A00000844,C000237,Investment,Active,2023-11-15,26589.06,,0.2014,B023,USD
A00000845,C000135,Savings,Active,2024-03-31,15713.88,11796.95,0.0689,B029,USD
A00000846,C000041,Investment,Inactive,2021-10-30,34359.11,,0.0253,B029,USD
A00000847,C000170,Credit,Active,2022-07-10,22188.29,,0.1252,B024,USD
A00000848,C000456,Investment,Active,2022-08-09,14486.92,17599.66,0.1995,B033,USD
A00000849,C000022,Investment,Inactive,2022-08-06,34750.6,,0.128,B048,EUR
A00000850,C000027,Savings,Active,2023-11-04,7450.75,19030.04,0.2137,B015,USD
A00000851,C000374,Checking,Frozen,2024-09-28,-504.93,8263.45,0.2256,B031,EUR
A00000852,C000062,Credit,Active,2021-12-17,39290.41,20414.7,0.1581,B013,USD
A00000853,C000431,Savings,Active,2023-03-15,42658.35,19036.05,0.0747,B007,EUR
A00000854,C000128,Investment,Active,2022-10-08,4575.95,,0.1471,B045,USD
A00000855,C000397,Credit,Active,2021-02-18,25257.86,,0.2281,B035,USD
A00000856,C000316,Investment,Active,2024-04-30,27822.73,,0.121,B009,USD
A00000857,C000329,Savings,Inactive,2025-05-08,23529.79,15170.48,0.2277,B016,EUR
A00000858,C000359,Investment,Active,2025-07-20,28475.63,,0.1107,B002,USD
A00000859,C000220,Investment,Active,2021-09-09,45442.98,,0.1944,B035,USD
A00000860,C000199,Checking,Inactive,2025-03-14,37482.56,,0.1251,B030,USD
A00000861,C000358,Investment,Active,2024-11-07,40782.73,7578.0,0.0254,B035,USD
A00000862,C000022,Checking,Active,2024-10-11,33113.99,,0.2433,B021,USD
A00000863,C000236,Savings,Active,2022-03-15,4226.36,,0.0212,B032,USD
A00000864,C000258,Credit,Active,2021-03-01,10436.9,16375.64,0.1241,B012,USD
A00000865,C000465,Credit,Active,2023-10-15,34049.54,,0.0503,B050,GBP
A00000866,C000498,Savings,Active,2025-01-28,43129.35,,0.0632,B005,EUR
A00000867,C000197,Savings,Active,2024-11-02,20315.35,,0.0977,B038,USD
A00000868,C000239,Investment,Active,2024-04-26,32327.91,,0.076,B002,USD
A00000869,C000360,Credit,Frozen,2023-04-26,45845.55,,0.2275,B019,EUR
A00000870,C000385,Checking,Active,2023-06-25,39412.07,17576.01,0.1382,B028,EUR
A00000871,C000305,Investment,Active,2022-04-05,34446.8,,0.1061,B011,USD
A00000872,C000290,Checking,Active,2022-11-22,23494.66,19444.63,0.0882,B049,EUR
A00000873,C000002,Checking,Active,2025-04-23,-344.74,21391.47,0.123,B016,GBP
A00000874,C000060,Savings,Active,2022-01-13,9371.39,,0.027,B035,USD
A00000875,C000382,Checking,Active,2024-04-24,8354.55,,0.186,B006,USD
A00000876,C000119,Savings,Active,2023-11-22,48612.79,7986.37,0.0986,B043,USD
A00000877,C000372,Credit,Active,2024-11-17,45521.3,,0.1165,B032,EUR
A00000878,C000429,Savings,Active,2023-01-09,39650.16,,0.1849,B030,GBP
A00000879,C000039,Investment,Active,2021-03-07,19809.89,,0.103,B037,EUR
A00000880,C000382,Credit,Active,2023-06-15,-707.19,,0.0389,B031,USD
A00000881,C000499,Savings,Active,2023-05-22,18167.61,,0.0414,B047,USD
A00000882,C000460,Savings,Inactive,2023-06-08,26774.87,,0.1951,B037,USD
A00000883,C000036,Savings,Active,2021-02-23,2911.81,,0.2362,B026,USD
A00000884,C000409,Checking,Active,2023-12-04,23391.06,24041.53,0.1033,B011,EUR
A00000885,C000388,Checking,Active,2022-12-29,8791.75,,0.2013,B050,USD
A00000886,C000148,Credit,Active,2023-05-20,33294.89,,0.0541,B033,USD
A00000887,C000371,Checking,Inactive,2021-12-08,17096.63,,0.024,B017,USD
A00000888,C000024,Checking,Active,2021-05-05,24516.91,,0.0468,B031,GBP
A00000889,C000204,Investment,Active,2024-09-02,39730.92,,0.0595,B013,GBP
A00000890,C000251,Savings,Active,2020-08-10,12591.02,,0.0619,B031,USD
A00000891,C000110,Investment,Active,2020-10-04,44416.85,,0.2026,B034,USD
A00000892,C000378,Checking,Active,2025-02-05,36550.31,,0.1575,B007,USD
A00000893,C000417,Credit,Active,2023-07-07,6821.56,,0.2454,B040,EUR
A00000894,C000180,Savings,Active,2021-10-16,16134.85,,0.073,B024,GBP
A00000895,C000277,Credit,Active,2020-08-15,16696.24,,0.1497,B014,USD
A00000896,C000028,Checking,Active,2024-09-22,22551.74,,0.1417,B046,EUR
A00000897,C000312,Investment,Active,2022-02-28,43050.4,,0.1234,B047,USD
A00000898,C000165,Checking,Active,2024-02-28,7909.77,,0.2247,B008,USD
A00000899,C000454,Savings,Frozen,2023-01-03,7605.85,7850.67,0.197,B024,GBP
A00000900,C000321,Checking,Active,2025-02-24,-318.67,,0.141,B022,USD
A00000901,C000220,Investment,Frozen,2023-06-22,6574.04,,0.116,B032,USD
A00000902,C000289,Checking,Frozen,2022-10-03,15286.39,5837.47,0.0111,B028,USD
A00000903,C000387,Investment,Active,2021-04-05,14245.68,,0.1488,B003,USD
A00000904,C000239,Savings,Active,2021-12-30,48105.12,10364.07,0.1379,B014,USD
A00000905,C000147,Credit,Active,2021-05-31,294.31,,0.1528,B040,USD
A00000906,C000171,Checking,Active,2024-08-16,15569.75,,0.1445,B005,GBP
A00000907,C000139,Savings,Active,2022-09-12,26424.89,,0.1811,B003,EUR
A00000908,C000070,Savings,Frozen,2021-04-29,45034.93,12702.5,0.082,B033,USD
A00000909,C000097,Investment,Active,2021-07-17,46206.27,,0.094,B017,USD
A00000910,C000018,Investment,Active,2024-11-26,47227.86,,0.0649,B043,USD
A00000911,C000250,Credit,Active,2024-02-02,3099.63,23302.51,0.0257,B003,USD
A00000912,C000422,Credit,Active,2021-11-24,9250.07,,0.1913,B017,USD
A00000913,C000303,Investment,Active,2023-08-23,8156.94,,0.1366,B046,USD
A00000914,C000250,Credit,Frozen,2023-03-05,24787.39,,0.2231,B038,USD
A00000915,C000245,Checking,Active,2021-04-10,20381.8,,0.1597,B022,USD
A00000916,C000295,Investment,Active,2022-07-01,14440.02,,0.1999,B006,USD
A00000917,C000232,Credit,Active,2024-07-30,22530.25,,0.2317,B030,USD
A00000918,C000021,Credit,Active,2024-05-14,27157.88,,0.0558,B035,EUR
A00000919,C000442,Investment,Active,2022-01-05,47148.89,4999.17,0.1219,B024,USD
A00000920,C000499,Checking,Active,2021-03-13,15409.39,,0.1235,B004,GBP
A00000921,C000477,Credit,Active,2023-04-26,49244.74,10622.87,0.1915,B037,USD
A00000922,C000277,Checking,Active,2021-04-23,5415.02,,0.1511,B002,USD
A00000923,C000167,Credit,Active,2022-04-14,40637.76,,0.1928,B018,GBP
A00000924,C000475,Investment,Active,2025-05-10,48747.97,,0.0842,B050,USD
A00000925,C000083,Savings,Active,2022-10-13,15776.18,,0.0605,B034,USD
A00000926,C000411,Savings,Active,2022-04-22,3533.79,,0.1662,B023,EUR
A00000927,C000262,Credit,Inactive,2021-06-01,33975.12,,0.2346,B041,USD
A00000928,C000005,Investment,Active,2025-01-01,15415.44,15653.08,0.2299,B050,USD
A00000929,C000291,Checking,Active,2023-10-27,42056.69,,0.01,B002,USD
A00000930,C000086,Investment,Active,2022-05-07,42303.12,,0.0131,B046,USD
A00000931,C000208,Credit,Active,2020-09-20,30872.26,,0.2243,B026,GBP
A00000932,C000074,Investment,Active,2021-07-09,38686.1,,0.0455,B047,USD
A00000933,C000152,Savings,Active,2021-03-08,37657.28,20511.63,0.1477,B024,GBP
A00000934,C000189,Savings,Active,2025-04-24,49323.93,,0.0475,B031,USD
A00000935,C000304,Investment,Inactive,2024-05-12,37010.85,,0.1002,B019,USD
A00000936,C000386,Savings,Active,2023-04-19,268.9,,0.0216,B049,USD
A00000937,C000350,Checking,Active,2023-12-08,22509.29,,0.0805,B026,USD
A00000938,C000114,Credit,Frozen,2021-09-01,45418.68,3810.0,0.1884,B001,USD
A00000939,C000389,Savings,Active,2024-06-24,5733.45,3767.07,0.0865,B044,USD
A00000940,C000307,Investment,Active,2021-07-24,4255.87,,0.0272,B002,EUR
A00000941,C000495,Savings,Active,2022-11-23,4333.98,7724.73,0.1859,B027,USD
A00000942,C000271,Savings,Inactive,2023-02-22,8669.57,,0.1718,B013,GBP
A00000943,C000067,Investment,Active,2024-08-05,638.91,,0.0796,B040,GBP
A00000944,C000399,Investment,Active,2023-05-05,17351.96,,0.1673,B002,USD
A00000945,C000034,Checking,Active,2025-05-19,33514.12,,0.0935,B021,USD
A00000946,C000462,Credit,Active,2022-01-04,11067.96,19569.59,0.103,B018,USD
A00000947,C000250,Checking,Active,2021-10-01,48117.79,,0.243,B024,USD
A00000948,C000301,Checking,Active,2022-09-16,6538.55,,0.0111,B003,USD
A00000949,C000105,Investment,Active,2020-10-06,22054.08,18897.58,0.1131,B019,GBP
A00000950,C000035,Savings,Frozen,2021-10-12,4065.48,,0.0181,B027,USD
A00000951,C000312,Investment,Active,2022-08-22,3123.91,,0.1363,B036,USD
A00000952,C000154,Savings,Active,2021-10-27,47024.85,,0.2358,B034,USD
A00000953,C000073,Savings,Active,2024-04-18,1813.03,,0.0873,B018,USD
A00000954,C000049,Investment,Active,2023-10-18,16706.76,,0.1295,B039,EUR
A00000955,C000318,Savings,Active,2022-11-15,40225.35,,0.1476,B003,USD
A00000956,C000005,Investment,Active,2020-12-29,25333.92,,0.1816,B022,EUR
A00000957,C000494,Savings,Inactive,2022-01-08,31268.23,,0.2227,B022,USD
A00000958,C000449,Credit,Active,2020-10-31,1773.54,,0.0156,B020,USD
A00000959,C000358,Checking,Active,2024-07-05,21779.72,22007.08,0.2206,B024,USD
A00000960,C000280,Savings,Active,2022-01-21,36219.02,6621.51,0.1772,B026,EUR
A00000961,C000083,Savings,Active,2024-04-14,20707.0,,0.083,B014,USD
A00000962,C000462,Savings,Inactive,2021-12-17,10826.28,7241.67,0.2377,B017,USD
A00000963,C000187,Checking,Active,2025-01-09,1866.03,,0.0884,B019,EUR
A00000964,C000044,Credit,Active,2024-08-10,2146.59,,0.0352,B003,EUR
A00000965,C000062,Checking,Active,2022-12-05,12790.64,9725.63,0.0204,B035,USD
A00000966,C000298,Savings,Active,2021-01-05,1092.29,,0.1081,B002,USD
A00000967,C000271,Investment,Inactive,2022-03-16,19612.99,13641.5,0.0996,B034,USD
A00000968,C000080,Savings,Active,2022-05-01,42325.73,,0.1354,B030,USD
A00000969,C000355,Investment,Active,2022-05-06,44191.24,,0.044,B012,USD
A00000970,C000175,Checking,Active,2023-03-04,9719.56,,0.0413,B027,EUR
A00000971,C000160,Credit,Active,2022-08-02,8538.35,,0.0316,B025,USD
A00000972,C000492,Credit,Active,2022-05-14,24969.26,7590.65,0.1414,B005,USD
A00000973,C000093,Checking,Active,2024-07-21,34722.38,,0.1196,B032,USD
A00000974,C000113,Checking,Active,2023-08-18,1586.88,,0.1342,B046,GBP
A00000975,C000193,Savings,Active,2023-02-02,49728.46,,0.0911,B023,USD
A00000976,C000375,Investment,Active,2025-04-15,14175.04,,0.1223,B028,USD
A00000977,C000448,Investment,Active,2021-10-25,26351.82,,0.119,B028,GBP
A00000978,C000154,Investment,Inactive,2021-11-08,45334.24,,0.0263,B044,USD
A00000979,C000284,Investment,Active,2023-07-12,455.17,12798.88,0.1325,B021,GBP
A00000980,C000477,Checking,Inactive,2022-08-10,33136.26,,0.2203,B020,USD
A00000981,C000065,Savings,Active,2021-12-24,22840.55,1506.25,0.0852,B021,USD
A00000982,C000051,Credit,Inactive,2024-06-03,17005.74,,0.0204,B020,EUR
A00000983,C000321,Checking,Active,2022-03-20,19472.31,,0.2195,B007,USD
A00000984,C000285,Checking,Active,2020-10-07,2667.36,,0.2101,B038,USD
A00000985,C000005,Checking,Active,2023-02-14,43992.72,,0.164,B023,EUR
A00000986,C000087,Credit,Active,2025-01-08,18907.7,,0.2203,B005,EUR
A00000987,C000207,Investment,Active,2024-06-24,-464.3,9008.77,0.0465,B026,EUR
A00000988,C000404,Savings,Active,2023-03-08,38549.01,,0.2225,B046,USD
A00000989,C000298,Checking,Active,2023-12-14,32972.84,17950.59,0.0177,B045,USD
A00000990,C000127,Savings,Active,2025-05-25,22034.78,,0.0436,B012,USD
A00000991,C000019,Savings,Inactive,2024-01-12,24944.46,,0.2076,B004,USD
A00000992,C000365,Credit,Frozen,2024-01-15,9421.73,,0.0296,B009,EUR
A00000993,C000041,Checking,Active,2024-02-21,13271.74,,0.0603,B005,EUR
A00000994,C000269,Investment,Active,2025-01-03,36245.59,,0.1665,B037,USD
A00000995,C000274,Savings,Active,2024-09-16,33811.55,,0.0808,B040,USD
A00000996,C000281,Checking,Active,2023-04-03,3851.1,,0.2265,B001,GBP
A00000997,C000296,Investment,Active,2021-12-31,40977.36,16630.93,0.2023,B022,USD
A00000998,C000004,Investment,Inactive,2024-06-21,20000.12,,0.1259,B042,USD
A00000999,C000350,Investment,Active,2020-11-20,31126.81,10816.89,0.1756,B013,USD
A00001000,C000450,Credit,Inactive,2024-04-19,47081.97,,0.0775,B042,USD
